Nummer,Produkt,Anzahl
1,Produkt,0
2,Produkt,0
3,Produkt,0
4,Produkt,0
5,Produkt,0
6,Produkt,0
7,Produkt,0
8,Produkt,0
9,Produkt,0
10,Produkt,0
11,Produkt,0
12,Produkt,0
13,Produkt,0
14,Produkt,0
15,Produkt,0
16,Produkt,0
17,Produkt,0
18,Produkt,0
19,Produkt,0
20,Produkt,0
21,Produkt,0
22,Produkt,0
23,Produkt,0
24,Produkt,0
25,Produkt,0
26,Produkt,0
27,Produkt,0
28,Produkt,0
29,Produkt,0
30,Produkt,0
31,Produkt,0
32,Produkt,0
33,Produkt,0
34,Produkt,0
35,Produkt,0
36,Produkt,0
37,Produkt,0
38,Produkt,0
39,Produkt,0
40,Produkt,0
41,Produkt,0
42,Produkt,0
42,Produkt,0
44,Produkt,0
45,Produkt,0
46,Produkt,0
47,Produkt,0
48,Produkt,0
49,Produkt,0
50,Produkt,0