Produkt,Anzahl
Produkt,0
Produkt,0
Produkt,0
Produkt,0
Produkt,0
Produkt,0
Produkt,0
Produkt,0
Produkt,0
Produkt,0
Produkt,0
Produkt,0
Produkt,0
Produkt,0
Produkt,0
Produkt,0
Produkt,0
Produkt,0
Produkt,0
Produkt,0
Produkt,0
Produkt,0
Produkt,0
Produkt,0
Produkt,0
Produkt,0
Produkt,0
Produkt,0
Produkt,0
Produkt,0
Produkt,0
Produkt,0
Produkt,0
Produkt,0
Produkt,0
Produkt,0
Produkt,0
Produkt,0
Produkt,0
Produkt,0
Produkt,0
Produkt,0
Produkt,0
Produkt,0
Produkt,0
Produkt,0
Produkt,0
Produkt,0
Produkt,0
Produkt,0
Produkt,0
Produkt,0
Produkt,0
Produkt,0
Produkt,0
Produkt,0
Produkt,0
Produkt,0
Produkt,0
Produkt,0
Produkt,0
Produkt,0
Produkt,0
Produkt,0
Produkt,0
Produkt,0
Produkt,0
Produkt,0
Produkt,0
Produkt,0
Produkt,0
Produkt,0
Produkt,0
Produkt,0
Produkt,0
Produkt,0
Produkt,0
Produkt,0
Produkt,0
Produkt,0
Produkt,0
Produkt,0
Produkt,0
Produkt,0
Produkt,0
Produkt,0
Produkt,0
Produkt,0
Produkt,0
Produkt,0
Produkt,0
Produkt,0
Produkt,0
Produkt,0
Produkt,0
Produkt,0
Produkt,0
Produkt,0
Produkt,0
Produkt,0